timestamp,symbol,address,source,market_cap_usd,price_usd,liquidity_usd,volume_24h_usd,price_change_24h_pct,created_age_hours,score,risk_score,risk_label,mint_authority_renounced,freeze_authority_renounced,lp_locked_pct,holder_count,top10_holder_pct
2026-07-28T07:48:08.791279+00:00,SMOLE,WZVLfrUKSjDLPumN4ZTFB3D8GYmZRaW9JcxWSqfpump,dexscreener-boosted,7663,0.000007783,5341.27,923485.02,-75.27,18.251342513156466,107.155,34,warn,True,True,100,2627,67.1
2026-07-28T07:48:08.791279+00:00,◎,4FnZDvrkvEJf1MLZrcDKCMeSjuVx5BsHuKWqm3b6pump,dexscreener-boosted,194778,0.0002045,41596.25,6404703.21,562,22.329740201416016,82.344,1,,True,True,100,8130,27.0
2026-07-28T07:48:08.791279+00:00,Ryder,d7737w2iLSTqLxLU1Q7ovrHocWdpkNwJ3E2GLyXpump,dexscreener-boosted,275681,0.0002779,44878.25,5336730.94,256,16.875097058648002,77.109,1,,True,True,100,2689,17.0
2026-07-28T07:48:08.791279+00:00,まんてん,JCBbyzcBDdscKCiLtbdFhmQuKYzkaurLxJXYTNZVpump,dexscreener-boosted,7800,0.000007936,5445.69,575721.3,-74.84,13.574688880343967,75.822,20,warn,True,True,100,1773,68.9
2026-07-28T07:48:08.791279+00:00,PATIENCE,Fg9P4xK8pbYaumHhz7QEt2Uma3kNr4PSpEQtUVCgpump,dexscreener-boosted,66588,0.00006703,18435.35,1274559.55,14.79,9.907053950670031,54.867,71,danger,True,True,100,3037,59.1
2026-07-28T07:48:08.791279+00:00,JACARE,HK3igJ6L4MiZZ2zM12Nohu1MGZRzKJvqbpFwz1yopump,dexscreener-boosted,207727,0.0002088,34117.02,1713190,406,14.767951163397896,34.766,1,,True,True,100,2909,17.7
2026-07-28T07:48:08.791279+00:00,LOODY,EVo4bRhn6NB6oRypmvuiiTLcdiXmz9Ft7UyG1WExpump,dexscreener-boosted,132107,0.0001349,26410.96,651830.08,343,9.696606815863714,19.695,1,,True,True,100,1916,17.5
2026-07-28T07:48:08.791279+00:00,duky,6EbafsFaXBsHxYuup5nteTniq7pSkxwjsbi55Rptpump,dexscreener-boosted,150082,0.0001533,28225.08,529513.85,319,14.59131636867947,13.058,1,,True,True,100,2427,27.5
2026-07-28T07:48:08.791279+00:00,Clarity,BezdJrtJxz83mewWwcKBjFctGC26ECNaGXo6vMDPpump,dexscreener-boosted,124789,0.0001292,25182.17,296452.97,290,9.601923640950522,9.417,1,,True,True,100,885,23.0
2026-07-28T07:48:08.791279+00:00,USWR,akqw8Zt6Js15fTR74f6fF8BQVV1Vr7mYJnkTdNrpump,pump.fun+dexscreener,30399013,0.03040,395894.9,592048.7,99685,2.156641968858507,1.428,33,warn,True,True,100,3030,1.9
2026-07-28T07:48:08.791279+00:00,USOX,c9XWUesLdjxTr6tBAVNjPkjKZJxm3srVW7SWijupump,pump.fun+dexscreener,44778664,0.04478,480521.97,621142.39,147426,3.247332639227973,1.205,54,warn,True,True,100,1457,2.6
2026-07-28T07:48:08.791279+00:00,USOH,9ribnz8bKF7rVfWANkxoPFBLssqicHyuu3p2cjgKPUMP,pump.fun+dexscreener,34666878,0.03466,422469.13,484890.44,113806,1.7755180798339842,1.105,31,warn,True,True,100,2899,6.7
2026-07-28T07:48:08.791279+00:00,USOS,9rr2WZfA9YDmT1tJE7oFSBdbLU8orFkLhyaX3URtpump,pump.fun+dexscreener,23865955,0.02386,350169.16,342731.01,78202,1.8694694499376086,0.941,33,warn,True,True,100,1459,11.0
2026-07-28T07:48:08.791279+00:00,NTFS,5XWR5DyWTcusU1eZiTHRBf2esg6JqbQByBjV3uhCPUMP,pump.fun+dexscreener,12629469,0.01262,254205.84,227389.72,41275,0.7325292685953776,0.881,37,warn,True,True,100,1988,61.6
2026-07-28T07:48:08.791279+00:00,USOS,pE5CTnnCfxrRTPEMXMBF3T6d6MTS1BV5GJHULGEpump,pump.fun+dexscreener,9441093,0.009443,219706.74,205937.06,30887,4.552040228610569,0.848,1,,True,True,100,1046,12.6
2026-07-28T07:48:08.791279+00:00,USOP,9ufyZ2pyL9Apa7fB7JdHnSujhYTQ4Y19qNdBEgJUpump,pump.fun+dexscreener,13100715,0.01310,258952.67,219941.1,42870,1.9544480603705512,0.815,32,warn,True,True,100,3126,10.3
2026-07-28T07:48:08.791279+00:00,TNOS,EqJKqFXgveLXGb6ukzu34B8ioKUatnFw8hkvjESqPump,pump.fun+dexscreener,22422112,0.02242,339067.05,264251.07,73386,0.60311372918023,0.77,31,warn,True,True,100,3650,6.6
2026-07-28T07:48:08.791279+00:00,USWR,Cit5JZ5GQDoPfMnyKFYmJaVZ7knBBRMqQQD8TYjpump,pump.fun+dexscreener,20044505,0.02004,320399.69,207888.57,65573,0.4950926403808594,0.642,1,,True,True,100,1689,9.0
2026-07-28T07:48:08.791279+00:00,USWR,i8jpJJjjTKRA1pasQGXrFAyYDzjRucGdqb4Rsfjpump,pump.fun+dexscreener,17329853,0.01732,297856.26,182485.68,56705,0.6798748651801216,0.604,33,warn,True,True,100,2768,13.3
2026-07-28T07:48:08.791279+00:00,USOH,2DBNAH7a11nU7HAbrVrF2nrkRudfsVGFF1A3P4ZDpump,pump.fun+dexscreener,19058395,0.01906,312483.9,181726.2,62471,4.132349128146701,0.531,32,warn,True,True,100,3136,9.9
2026-07-28T07:48:08.791279+00:00,USOH,9DCsyix62FfN2qZStwVzMaAAS9napVEjof7s2zW1Pump,pump.fun+dexscreener,9903002,0.009903,224759.56,114352.52,32378,0.18784062459309897,0.507,,,,,,,
2026-07-28T07:48:08.791279+00:00,TNOS,gppsjaP41L5Vb9LUC1SUkDPD5RBqxSU72WWebJcpump,pump.fun+dexscreener,17280053,0.01728,297279.61,142813.1,56717,0.017361860690646703,0.48,,,,,,,
